{
  "project_info": {
    "project_number": "1005187134243",
    "project_id": "universidad-ficty",
    "storage_bucket": "universidad-ficty.appspot.com"
  },
  "client": [
    {
      "client_info": {
        "mobilesdk_app_id": "1:1005187134243:android:835794ca4b11d13c055296",
        "android_client_info": {
          "package_name": "com.example.universidad_con_materias"
        }
      },
      "oauth_client": [],
      "api_key": [
        {
          "current_key": "AIzaSyBmTHYUtQgnM2Ov5I9xSQ72-rYucO9MEk8"
        }
      ],
      "services": {
        "appinvite_service": {
          "other_platform_oauth_client": []
        }
      }
    },
    {
      "client_info": {
        "mobilesdk_app_id": "1:1005187134243:android:aeee8ae2973fc0ae055296",
        "android_client_info": {
          "package_name": "com.example.universidad_ficty"
        }
      },
      "oauth_client": [],
      "api_key": [
        {
          "current_key": "AIzaSyBmTHYUtQgnM2Ov5I9xSQ72-rYucO9MEk8"
        }
      ],
      "services": {
        "appinvite_service": {
          "other_platform_oauth_client": []
        }
      }
    }
  ],
  "configuration_version": "1"
}